interval,year_start,year_end,usable_share_start,usable_share_end,usable_share_change,total_area_start_km2,total_area_end_km2,total_area_change_km2,usable_area_change_km2,median_ratio_start,median_ratio_end,median_ratio_change,mean_ratio_start,mean_ratio_end,mean_ratio_change,zero_ratio_share_start,zero_ratio_share_end,low_ratio_share_change,interpretation
2000_2005,2000,2005,0.8807644170597863,0.8643255993068258,-0.0164388177529604,7619.542259026743,7565.732335310585,-53.80992371615776,-154.00709792040288,0.872396290159403,0.8372086969311926,-0.0351875932282104,0.7844712677608701,0.7496101057078166,-0.0348611620530534,0.0741311254452681,0.0795946856647732,0.0054635602195051,mixed_change
2005_2010,2005,2010,0.8643255993068258,0.9492394339077692,0.0849138346009433,7565.732335310585,8154.91024447829,589.1779091677054,834.3061294877607,0.8372086969311926,0.8362317861376385,-0.0009769107935541,0.7496101057078166,0.7493672389206305,-0.0002428667871861,0.0795946856647732,0.0502069895061134,-0.0293876961586598,area_ratio_divergence
2010_2015,2010,2015,0.9492394339077692,0.9667854048329644,0.0175459709251951,8154.91024447829,5800.232818389884,-2354.677426088406,-2190.7062229346047,0.8362317861376385,0.712003964488604,-0.1242278216490344,0.7493672389206305,0.6223057845348638,-0.1270614543857666,0.0502069895061134,0.1179118128429768,0.0677048233368634,broad_decline
2015_2020,2015,2020,0.9667854048329644,0.9811061904303456,0.0143207855973812,5800.232818389884,5467.125053445991,-333.107764943893,-316.96280835002835,0.712003964488604,0.6317754268433435,-0.0802285376452605,0.6223057845348638,0.5629420105320011,-0.0593637740028627,0.1179118128429768,0.1539424280350438,0.0360306151920669,broad_decline
2020_2024,2020,2024,0.9811061904303456,0.9860643111581784,0.0049581207278327,5467.125053445991,6617.433140336934,1150.3080868909428,1127.1749551884714,0.6317754268433435,0.7780521667028528,0.1462767398595092,0.5629420105320011,0.6682803231864788,0.1053383126544776,0.1539424280350438,0.0994753056705497,-0.054467122364494,broad_increase
