year,rows,lake_count,usable_rows,usable_share,total_annual_area_km2,usable_total_annual_area_km2,median_image_count,mean_image_count,low_image_rows,low_valid_rows,low_ratio_rows,high_ratio_rows,usable_median_area_ratio,usable_mean_area_ratio,usable_median_valid_fraction,usable_median_water_area_km2,total_area_change_km2,usable_total_area_change_km2,usable_share_change
2000,41548,41548,36594,0.8807644170597863,7619.542259026743,7280.798207310376,9.0,9.865793780687396,235,4888,3080,0,0.872396290159403,0.7844712677608701,1.0043170832157204,0.0009950189713421,,,
2005,41548,41548,35911,0.8643255993068258,7565.732335310585,7126.791109389973,11.0,12.62722634061808,1433,4610,3307,0,0.8372086969311926,0.7496101057078166,1.0043551184688544,0.0,-53.80992371615776,-154.00709792040288,-0.0164388177529604
2010,41548,41548,39439,0.9492394339077692,8154.91024447829,7961.097238877734,10.0,11.116058534706845,90,2035,2086,0,0.8362317861376385,0.7493672389206305,1.0044129045316526,0.0015556049452239,589.1779091677054,834.3061294877607,0.0849138346009434
2015,41548,41548,40168,0.9667854048329644,5800.232818389884,5770.391015943129,24.0,29.308269952825647,3,1380,4899,0,0.712003964488604,0.6223057845348638,1.0044795003694813,0.0,-2354.6774260884067,-2190.7062229346047,0.0175459709251949
2020,41548,41548,40763,0.9811061904303456,5467.125053445991,5453.4282075931005,17.0,23.042577260036584,0,785,6396,0,0.6317754268433435,0.5629420105320011,1.0045386107129068,0.0,-333.1077649438921,-316.96280835002835,0.0143207855973813
2024,41548,41548,40969,0.9860643111581784,6617.433140336934,6580.603162781572,32.0,45.69786752671609,0,579,4133,0,0.7780521667028528,0.6682803231864788,1.0045405679537078,0.0,1150.3080868909428,1127.1749551884714,0.0049581207278328
