interval,year_start,year_end,usable_share_change,usable_share_change_pct,total_area_change_km2,usable_area_change_km2,median_ratio_change,mean_ratio_change,low_ratio_share_change,low_ratio_share_change_pct,interpretation
2000_2005,2000,2005,-0.0164388177529604,-1.64388177529604,-53.80992371615776,-154.00709792040288,-0.0351875932282104,-0.0348611620530534,0.0054635602195051,0.54635602195051,mixed_change
2005_2010,2005,2010,0.0849138346009433,8.49138346009433,589.1779091677054,834.3061294877607,-0.0009769107935541,-0.0002428667871861,-0.0293876961586598,-2.9387696158659797,area_ratio_divergence
2010_2015,2010,2015,0.0175459709251951,1.7545970925195098,-2354.677426088406,-2190.7062229346047,-0.1242278216490344,-0.1270614543857666,0.0677048233368634,6.770482333686339,broad_decline
2015_2020,2015,2020,0.0143207855973812,1.4320785597381198,-333.107764943893,-316.96280835002835,-0.0802285376452605,-0.0593637740028627,0.0360306151920669,3.60306151920669,broad_decline
2020_2024,2020,2024,0.0049581207278327,0.49581207278327,1150.3080868909428,1127.1749551884714,0.1462767398595092,0.1053383126544776,-0.054467122364494,-5.446712236449399,broad_increase
